iter,w1,w2,w3,w4,w5
1,0.990723291506755,0.820562699163673,1.175822174450180,0.536798578968182,1.582962901952980
2,0.981517079039097,0.812651344127432,1.164157447796040,0.531400242547808,1.569243462594980
3,0.972381760732540,0.804807015900828,1.152578598002620,0.526053339712454,1.555590908935340
4,0.963317697699110,0.797029873228237,1.141086324428480,0.520757815558168,1.542006694073380
5,0.954325214777145,0.789320043845709,1.129681277901710,0.515513594988500,1.528492221878850
6,0.945404601298325,0.781677625315686,1.118364061418130,0.510320583459190,1.515048846914090
7,0.936556111869995,0.774102685866347,1.107135230875850,0.505178667714947,1.501677874418210
8,0.927779967170881,0.766595265234038,1.095995295843860,0.500087716517516,1.488380560351350
9,0.919076354758383,0.759155375507268,1.084944720361850,0.495047581364274,1.475158111497140
10,0.910445429885648,0.751783001970866,1.073983923768930,0.490058097196650,1.462011685621300
11,0.901887316326708,0.744478103948915,1.063113281558670,0.485119083097726,1.448942391684240
12,0.893402107208018,0.737240615645175,1.052333126257970,0.480230342978448,1.435951290105540
13,0.884989865844791,0.730070446979776,1.041643748327430,0.475391666251897,1.423039393078220
14,0.876650626580585,0.722967484420993,1.031045397080920,0.470602828495158,1.410207664930390
15,0.868384395628678,0.715931591811039,1.020538281621920,0.465863592098356,1.397457022532190
16,0.860191151913813,0.708962611184820,1.010122571794540,0.461173706900477,1.384788335745770
17,0.852070847912965,0.702060363580715,0.999798399147079,0.456532910811653,1.372202427915930
18,0.844023410493863,0.695224649842456,0.989565857905854,0.451940930421623,1.359700076399230
19,0.836048741750049,0.688455251411301,0.979425005957582,0.447397481594127,1.347282013129330
20,0.828146719831327,0.681751931107703,0.969375865838107,0.442902270047042,1.334948925216270
21,0.820317199768529,0.675114433901790,0.959418425725772,0.438454991918092,1.322701455577450
22,0.812560014291569,0.668542487671977,0.949552640437597,0.434055334316016,1.310540203598180
23,0.804874974639859,0.662035803951141,0.939778432426576,0.429702975857111,1.298465725819480
24,0.797261871364175,0.655594078659811,0.930095692778459,0.425397587187084,1.286478536651220
25,0.789720475119165,0.649216992825884,0.920504282206485,0.421138831488214,1.274579109108230
26,0.782250537445729,0.642904213290454,0.911004032042586,0.416926364971810,1.262767875567550
27,0.774851791542571,0.636655393399360,0.901594745223703,0.412759837356022,1.251045228544610
28,0.767523953026270,0.630470173680117,0.892276197271873,0.408638892329053,1.239411521486610
29,0.760266720679291,0.624348182503973,0.883048137266890,0.404563167997872,1.227867069580970
30,0.753079777185392,0.618289036732811,0.873910288810372,0.400532297322528,1.216412150577070
31,0.745962789851950,0.612292342350739,0.864862350980155,0.396545908536199,1.205047005619620
32,0.738915411318775,0.606357695080175,0.855903999274031,0.392603625551131,1.193771840091690
33,0.731937280253030,0.600484680982335,0.847034886541882,0.388705068350627,1.182586824465900
34,0.725028022029922,0.594672877042021,0.838254643905362,0.384849853367275,1.171492095162140
35,0.718187249398874,0.588921851736679,0.829562881664343,0.381037593847608,1.160487755410140
36,0.711414563134935,0.583231165589689,0.820959190189389,0.377267900203412,1.149573876115620
37,0.704709552675223,0.577600371707921,0.812443140799622,0.373540380349909,1.138750496728410
38,0.698071796740234,0.572029016303582,0.804014286625376,0.369854640031031,1.128017626111310
39,0.691500863939885,0.566516639200444,0.795672163455101,0.366210283132054,1.117375243408310
40,0.684996313364215,0.561062774324519,0.787416290566064,0.362606911979820,1.106823298911060
41,0.678557695158658,0.555666950179321,0.779246171538414,0.359044127630820,1.096361714922310
42,0.672184551083890,0.550328690305842,0.771161295052248,0.355521530147390,1.085990386615280
43,0.665876415060229,0.545047513727402,0.763161135667380,0.352038718862308,1.075709182887980
44,0.659632813696627,0.539822935379545,0.755245154585535,0.348595292632039,1.065517947211380
45,0.653453266804311,0.534654466525176,0.747412800394770,0.345190850078924,1.055416498470640
46,0.647337287895154,0.529541615155146,0.739663509795940,0.341824989822595,1.045404631798510
47,0.641284384664873,0.524483886374506,0.731996708311075,0.338497310700869,1.035482119400080
48,0.635294059461176,0.519480782774651,0.724411810973604,0.335207411980435,1.025648711368110
49,0.629365809737017,0.514531804791621,0.716908223000355,0.331954893557597,1.015904136488450
50,0.623499128489097,0.509636451050779,0.709485340445317,0.328739356149354,1.006248103034650
51,0.617693504681804,0.504794218698167,0.702142550835195,0.325560401475104,0.996680299551353
52,0.611948423656780,0.500004603718766,0.694879233786803,0.322417632429245,0.987200395625972
53,0.606263367528316,0.495267101241969,0.687694761606366,0.319310653244955,0.977808042648040
54,0.600637815564795,0.490581205834532,0.680588499870850,0.316239069649413,0.968502874555911
55,0.595071244556416,0.485946411781283,0.673559807991441,0.313202489010751,0.959284508570384
56,0.589563129169428,0.481362213353890,0.666608039759339,0.310200520476983,0.950152545914919
57,0.584112942287129,0.476828105067970,0.659732543874033,0.307232775107198,0.941106572522142
58,0.578720155337881,0.472343581928829,0.652932664454263,0.304298865995255,0.932146159726373
59,0.573384238610396,0.467908139666133,0.646207741531871,0.301398408386255,0.923270864941973
60,0.568104661556572,0.463521274957804,0.639557111528789,0.298531019786028,0.914480232327293
61,0.562880893082140,0.459182485643422,0.632980107717399,0.295696320063897,0.905773793434098
62,0.557712401825396,0.454891270927447,0.626476060664522,0.292893931548944,0.897151067842340
63,0.552598656424300,0.450647131572527,0.620044298659320,0.290123479120029,0.888611563780175
64,0.547539125772226,0.446449570083211,0.613684148125380,0.287384590289795,0.880154778729191
65,0.542533279262630,0.442298090880321,0.607394934017282,0.284676895282876,0.871780200014786
66,0.537580587022934,0.438192200466298,0.601175980201947,0.282000027108540,0.863487305381713
67,0.532680520137894,0.434131407581782,0.595026609825068,0.279353621627981,0.855275563554791
68,0.527832550862745,0.430115223353719,0.588946145662950,0.276737317616471,0.847144434784836
69,0.523036152826400,0.426143161435252,0.582933910460060,0.274150756820580,0.839093371379862
70,0.518290801224982,0.422214738137690,0.576989227252625,0.271593584010663,0.831121818221644
71,0.513595973005961,0.418329472554794,0.571111419678590,0.269065447028814,0.823229213267734
72,0.508951147043185,0.414486886679663,0.565299812274279,0.266565996832464,0.815414988039054
73,0.504355804303070,0.410686505514467,0.559553730758072,0.264094887533835,0.807678568093190
74,0.499809428002207,0.406927857173279,0.553872502301435,0.261651776435392,0.800019373483544
75,0.495311503756682,0.403210472978253,0.548255455787640,0.259236324061500,0.792436819204500
76,0.490861519723339,0.399533887549394,0.542701922058488,0.256848194186441,0.784930315622772
77,0.486458966733271,0.395897638888149,0.537211234149382,0.254487053858948,0.777499268895134
78,0.482103338417776,0.392301268455060,0.531782727513056,0.252152573423428,0.770143081372700
79,0.477794131327038,0.388744321241690,0.526415740232305,0.249844426538022,0.762861151991988
80,0.473530845041782,0.385226345837064,0.521109613222019,0.247562290189645,0.755652876652952
81,0.469312982278133,0.381746894488814,0.515863690420854,0.245305844706154,0.748517648584220
82,0.465140048985927,0.378305523159257,0.510677318972841,0.243074773765790,0.741454858695752
83,0.461011554440703,0.374901791576603,0.505549849399257,0.240868764404010,0.734463895919152
84,0.456927011329599,0.371535263281495,0.500480635761056,0.238687507017857,0.727544147535869
85,0.452885935831380,0.368205505669061,0.495469035812167,0.236530695367979,0.720694999493532
86,0.448887847690812,0.364912090026682,0.490514411143945,0.234398026578426,0.713915836710643
87,0.444932270287596,0.361654591567650,0.485616127321093,0.232289201134334,0.707206043369905
88,0.441018730700063,0.358432589460897,0.480773554009310,0.230203922877616,0.700565003200397
89,0.437146759763846,0.355245666856954,0.475986065094972,0.228141899000752,0.693992099748868
90,0.433315892125702,0.352093410910324,0.471253038797114,0.226102840038808,0.687486716640403
91,0.429525666292703,0.348975412798420,0.466573857771977,0.224086459859750,0.681048237828685
92,0.425775624676957,0.345891267737224,0.461947909210400,0.222092475653177,0.674676047836135
93,0.422065313636063,0.342840574993817,0.457374584928302,0.220120607917548,0.668369531984162
94,0.418394283509453,0.339822937895937,0.452853281450519,0.218170580446001,0.662128076613771
95,0.414762088650815,0.336837963838687,0.448383400088236,0.216242120310841,0.655951069296794
96,0.411168287456740,0.333885264288552,0.443964347010258,0.214334957846780,0.649837899037962
97,0.407612442391778,0.330964454784832,0.439595533308359,0.212448826633020,0.643787956468096
98,0.404094120010041,0.328075154938645,0.435276375056940,0.210583463474224,0.637800634028634
99,0.400612890973508,0.325216988429601,0.431006293367203,0.208738608380483,0.631875326147742
100,0.397168330067189,0.322389583000275,0.426784714436092,0.206914004546320,0.626011429408255
101,0.393760016211277,0.319592570448595,0.422611069590177,0.205109398328808,0.620208342707668
102,0.390387532470432,0.316825586618250,0.418484795324712,0.203324539224862,0.614465467410417
103,0.387050466060332,0.314088271387228,0.414405333338062,0.201559179847774,0.608782207492678
104,0.383748408351615,0.311380268654583,0.410372130561682,0.199813075903028,0.603157969679913
105,0.380480954871337,0.308701226325531,0.406384639185858,0.198085986163478,0.597592163577363
106,0.377247705302072,0.306050796294972,0.402442316681374,0.196377672443909,0.592084201793742
107,0.374048263478759,0.303428634429522,0.398544625817291,0.194687899575066,0.586633500058310
108,0.370882237383421,0.300834400548152,0.394691034675015,0.193016435377168,0.581239477331554
109,0.367749239137855,0.298267758401508,0.390881016658814,0.191363050632971,0.575901555909685
110,0.364648884994395,0.295728375650000,0.387114050502947,0.189727519060418,0.570619161523138
111,0.361580795324866,0.293215923840734,0.383389620275563,0.188109617284917,0.565391723429287
112,0.358544594607796,0.290730078383364,0.379707215379522,0.186509124811288,0.560218674499562
113,0.355539911414012,0.288270518524929,0.376066330550287,0.184925823995410,0.555099451301162
114,0.352566378390685,0.285836927323752,0.372466465851018,0.183359500015619,0.550033494173540
115,0.349623632243922,0.283428991622460,0.368907126665021,0.181809940843872,0.545020247299849
116,0.346711313719984,0.281046402020192,0.365387823685668,0.180276937216720,0.540059158773532
117,0.343829067585218,0.278688852844046,0.361908072903928,0.178760282606124,0.535149680660207
118,0.340976542604763,0.276356042119843,0.358467395593625,0.177259773190129,0.530291269055042
119,0.338153391520124,0.274047671542230,0.355065318294545,0.175775207823441,0.525483384135760
120,0.335359271025670,0.271763446444215,0.351701372793507,0.174306388007920,0.520725490211459
121,0.332593841744128,0.269503075766142,0.348375096103502,0.172853117863014,0.516017055767376
122,0.329856768201148,0.267266272024194,0.345086030441014,0.171415204096170,0.511357553505770
123,0.327147718798982,0.265052751278434,0.341833723201629,0.169992455973231,0.506746460383058
124,0.324466365789356,0.262862233100460,0.338617726934012,0.168584685288840,0.502183257643355
125,0.321812385245584,0.260694440540687,0.335437599312366,0.167191706336882,0.497667430848552
126,0.319185457033978,0.258549100095314,0.332292903107459,0.165813335880972,0.493198469905073
127,0.316585264784612,0.256425941673013,0.329183206156303,0.164449393125012,0.488775869087441
128,0.314011495861485,0.254324698561364,0.326108081330567,0.163099699683825,0.484399127058786
129,0.311463841332136,0.252245107393081,0.323067106503815,0.161764079553897,0.480067746888403
130,0.308941995936757,0.250186908112064,0.320059864517641,0.160442359084228,0.475781236066509
131,0.306445658056844,0.248149843939293,0.317085943146771,0.159134366947306,0.471539106516288
132,0.303974529683431,0.246133661338612,0.314144935063213,0.157839934110231,0.467340874603359
133,0.301528316384953,0.244138109982416,0.311236437799515,0.156558893805978,0.463186061142762
134,0.299106727274764,0.242162942717276,0.308360053711208,0.155291081504834,0.459074191403579
135,0.296709474978361,0.240207915529531,0.305515389938478,0.154036334886003,0.455004795111288
136,0.294336275600335,0.238272787510852,0.302702058367154,0.152794493809392,0.450977406447958
137,0.291986848691099,0.236357320823825,0.299919675589043,0.151565400287597,0.446991564050366
138,0.289660917213407,0.234461280667557,0.297167862861688,0.150348898458079,0.443046811006154
139,0.287358207508709,0.232584435243336,0.294446246067589,0.149144834555555,0.439142694848088
140,0.285078449263361,0.230726555720352,0.291754455672947,0.147953056884606,0.435278767546534
141,0.282821375474727,0.228887416201508,0.289092126685971,0.146773415792499,0.431454585500220
142,0.280586722417188,0.227066793689341,0.286458898614801,0.145605763642241,0.427669709525371
143,0.278374229608091,0.225264468052047,0.283854415425086,0.144449954785871,0.423923704843294
144,0.276183639773662,0.223480221989657,0.281278325497266,0.143305845537985,0.420216141066489
145,0.274014698814900,0.221713841000346,0.278730281583589,0.142173294149503,0.416546592183371
146,0.271867155773475,0.219965113346919,0.276209940764912,0.141052160781686,0.412914636541659
147,0.269740762797654,0.218233830023458,0.273716964407310,0.139942307480407,0.409319856830506
148,0.267635275108268,0.216519784722163,0.271251018118543,0.138843598150669,0.405761840061444
149,0.265550450964747,0.214822773800386,0.268811771704399,0.137755898531387,0.402240177548199
150,0.263486051631226,0.213142596247875,0.266398899124954,0.136679076170427,0.398754464885440
151,0.261441841342754,0.211479053654230,0.264012078450781,0.135613000399902,0.395304301926528
152,0.259417587271607,0.209831950176591,0.261650991819123,0.134557542311746,0.391889292760307
153,0.257413059493735,0.208201092507551,0.259315325390072,0.133512574733537,0.388509045687016
154,0.255428030955336,0.206586289843319,0.257004769302776,0.132477972204602,0.385163173193349
155,0.253462277439590,0.204987353852123,0.254719017631690,0.131453610952375,0.381851291926737
156,0.251515577533552,0.203404098642875,0.252457768342901,0.130439368869040,0.378573022668882
157,0.249587712595222,0.201836340734087,0.250220723250554,0.129435125488431,0.375327990308606
158,0.247678466720794,0.200283899023066,0.248007587973389,0.128440761963211,0.372115823814056
159,0.245787626712106,0.198746594755367,0.245818071891408,0.127456161042308,0.368936156204296
160,0.243914982044294,0.197224251494529,0.243651888102708,0.126481207048641,0.365788624520355
161,0.242060324833649,0.195716695092088,0.241508753380474,0.125515785857095,0.362672869795743
162,0.240223449805706,0.194223753657873,0.239388388130164,0.124559784872780,0.359588537026489
163,0.238404154263552,0.192745257530589,0.237290516346893,0.123613093009549,0.356535275140747
164,0.236602238056373,0.191281039248692,0.235214865573043,0.122675600668792,0.353512736967974
165,0.234817503548240,0.189830933521547,0.233161166856090,0.121747199718490,0.350520579207757
166,0.233049755587144,0.188394777200890,0.231129154706686,0.120827783472542,0.347558462398284
167,0.231298801474277,0.186972409252581,0.229118567056994,0.119917246670346,0.344626050884516
168,0.229564450933577,0.185563670728655,0.227129145219281,0.119015485456655,0.341723012786077
169,0.227846516081534,0.184168404739673,0.225160633844802,0.118122397361689,0.338849019964893
170,0.226144811397253,0.182786456427367,0.223212780882959,0.117237881281505,0.336003747992616
171,0.224459153692798,0.181417672937599,0.221285337540760,0.116361837458637,0.333186876117848
172,0.222789362083801,0.180061903393604,0.219378058242581,0.115494167462973,0.330398087233195
173,0.221135257960350,0.178718998869547,0.217490700590244,0.114634774172910,0.327637067842184
174,0.219496664958151,0.177388812364377,0.215623025323407,0.113783561756747,0.324903508026046
175,0.217873408929978,0.176071198775983,0.213774796280281,0.112940435654334,0.322197101410409
176,0.216265317917397,0.174766014875647,0.211945780358685,0.112105302558971,0.319517545131910
177,0.214672222122786,0.173473119282806,0.210135747477428,0.111278070399553,0.316864539804750
178,0.213093953881624,0.172192372440104,0.208344470538041,0.110458648322959,0.314237789487204
179,0.211530347635086,0.170923636588752,0.206571725386847,0.109646946676690,0.311637001648119
180,0.209981239902911,0.169666775744179,0.204817290777393,0.108842876991739,0.309061887133405
181,0.208446469256567,0.168421655671984,0.203080948333226,0.108046351965703,0.306512160132540
182,0.206925876292703,0.167188143864179,0.201362482511029,0.107257285446136,0.303987538145107
183,0.205419303606891,0.165966109515734,0.199661680564120,0.106475592414123,0.301487741947369
184,0.203926595767657,0.164755423501406,0.197978332506311,0.105701188968103,0.299012495558917
185,0.202447599290801,0.163555958352863,0.196312231076133,0.104933992307903,0.296561526209374
186,0.200982162614009,0.162367588236101,0.194663171701426,0.104173920719009,0.294134564305200
187,0.199530136071752,0.161190188929137,0.193030952464299,0.103420893557059,0.291731343396584
188,0.198091371870474,0.160023637800002,0.191415374066457,0.102674831232556,0.289351600144455
189,0.196665724064064,0.158867813785006,0.189816239794900,0.101935655195801,0.286995074287605
190,0.195253048529623,0.157722597367293,0.188233355487993,0.101203287922039,0.284661508609955
191,0.193853202943508,0.156587870555664,0.186666529501903,0.100477652896826,0.282350648907947
192,0.192466046757665,0.155463516863692,0.185115572677412,0.099758674601602,0.280062243958105
193,0.191091441176246,0.154349421289098,0.183580298307097,0.099046278499469,0.277796045484737
194,0.189729249132504,0.153245470293407,0.182060522102883,0.098340391021187,0.275551808127818
195,0.188379335265970,0.152151551781874,0.180556062163966,0.097640939551365,0.273329289411046
196,0.187041565899915,0.151067555083675,0.179066738945102,0.096947852414851,0.271128249710075
197,0.185715809019078,0.149993370932360,0.177592375225269,0.096261058863331,0.268948452220944
198,0.184401934247678,0.148928891446580,0.176132796076692,0.095580489062111,0.266789662928702
199,0.183099812827696,0.147874010111060,0.174687828834233,0.094906074077108,0.264651650576230
200,0.181809317597430,0.146828621757840,0.173257303065154,0.094237745862017,0.262534186633281
201,0.180530322970321,0.145792622547766,0.171841050539229,0.093575437245677,0.260437045265719
202,0.179262704914044,0.144765909952235,0.170438905199229,0.092919081919615,0.258360003304991
203,0.178006340929863,0.143748382735187,0.169050703131760,0.092268614425787,0.256302840217813
204,0.176761110032259,0.142739940935348,0.167676282538459,0.091623970144483,0.254265338076084
205,0.175526892728806,0.141740485848715,0.166315483707547,0.090985085282423,0.252247281527034
206,0.174303571000317,0.140749920011284,0.164968148985730,0.090351896861026,0.250248457763602
207,0.173091028281241,0.139768147182011,0.163634122750458,0.089724342704853,0.248268656495056
208,0.171889149440318,0.138795072326020,0.162313251382524,0.089102361430218,0.246307669917850
209,0.170697820761482,0.137830601598036,0.161005383239015,0.088485892433977,0.244365292686731
210,0.169516929925019,0.136874642326050,0.159710368626603,0.087874875882474,0.242441321886079
211,0.168346365988966,0.135927102995215,0.158428059775174,0.087269252700654,0.240535557001513
212,0.167186019370764,0.134987893231967,0.157158310811803,0.086668964561349,0.238647799891731
213,0.166035781829141,0.134056923788363,0.155900977735053,0.086073953874705,0.236777854760611
214,0.164895546446250,0.133134106526649,0.154655918389615,0.085484163777779,0.234925528129562
215,0.163765207610032,0.132219354404035,0.153422992441273,0.084899538124293,0.233090628810132
216,0.162644660996819,0.131312581457691,0.152202061352194,0.084320021474535,0.231272967876873
217,0.161533803554172,0.130413702789955,0.150992988356547,0.083745559085407,0.229472358640454
218,0.160432533483945,0.129522634553744,0.149795638436434,0.083176096900638,0.227688616621045
219,0.159340750225579,0.128639293938180,0.148609878298148,0.082611581541125,0.225921559521952
220,0.158258354439618,0.127763599154415,0.147435576348737,0.082051960295429,0.224171007203507
221,0.157185247991456,0.126895469421656,0.146272602672882,0.081497181110412,0.222436781657226
222,0.156121333935289,0.126034824953394,0.145120829010085,0.080947192582012,0.220718706980220
223,0.155066516498299,0.125181586943822,0.143980128732158,0.080401943946156,0.219016609349866
224,0.154020701065048,0.124335677554457,0.142850376821016,0.079861385069815,0.217330316998739
225,0.152983794162079,0.123497019900940,0.141731449846771,0.079325466442181,0.215659660189801
226,0.151955703442735,0.122665538040032,0.140623225946112,0.078794139165991,0.214004471191850
227,0.150936337672181,0.121841156956801,0.139525584800991,0.078267354948968,0.212364584255223
228,0.149925606712633,0.121023802551979,0.138438407617584,0.077745066095399,0.210739835587762
229,0.148923421508786,0.120213401629510,0.137361577105549,0.077227225497833,0.209130063331030
230,0.147929694073445,0.119409881884275,0.136294977457554,0.076713786628911,0.207535107536791
231,0.146944337473353,0.118613171889989,0.135238494329103,0.076204703533307,0.205954810143736
232,0.145967265815216,0.117823201087278,0.134192014818614,0.075699930819804,0.204389014954468
233,0.144998394231912,0.117039899771920,0.133155427447792,0.075199423653475,0.202837567612740
234,0.144037638868905,0.116263199083259,0.132128622142257,0.074703137747988,0.201300315580939
235,0.143084916870829,0.115493030992789,0.131111490212446,0.074211029358030,0.199777108117831
236,0.142140146368274,0.114729328292894,0.130103924334772,0.073723055271833,0.198267796256543
237,0.141203246464744,0.113972024585753,0.129105818533052,0.073239172803824,0.196772232782802
238,0.140274137223798,0.113221054272412,0.128117068160183,0.072759339787376,0.195290272213415
239,0.139352739656374,0.112476352541999,0.127137569880076,0.072283514567670,0.193821770774994
240,0.138438975708281,0.111737855361109,0.126167221649839,0.071811655994669,0.192366586382930
241,0.137532768247871,0.111005499463330,0.125205922702213,0.071343723416189,0.190924578620602
242,0.136634041053883,0.110279222338930,0.124253573528242,0.070879676671074,0.189495608718828
243,0.135742718803446,0.109558962224682,0.123310075860193,0.070419476082482,0.188079539535556
244,0.134858727060262,0.108844658093846,0.122375332654713,0.069963082451261,0.186676235535792
245,0.133981992262947,0.108136249646286,0.121449248076216,0.069510457049426,0.185285562771759
246,0.133112441713532,0.107433677298736,0.120531727480510,0.069061561613739,0.183907388863294
247,0.132250003566129,0.106736882175205,0.119622677398645,0.068616358339377,0.182541582978476
248,0.131394606815755,0.106045806097516,0.118722005520995,0.068174809873698,0.181188015814478
249,0.130546181287306,0.105360391575987,0.117829620681559,0.067736879310099,0.179846559578651
250,0.129704657624693,0.104680581800242,0.116945432842478,0.067302530181967,0.178517087969838
251,0.128869967280121,0.104006320630157,0.116069353078782,0.066871726456716,0.177199476159901
252,0.128042042503526,0.103337552586935,0.115201293563339,0.066444432529918,0.175893600775481
253,0.127220816332155,0.102674222844307,0.114341167552023,0.066020613219514,0.174599339879969
254,0.126406222580288,0.102016277219867,0.113488889369087,0.065600233760117,0.173316572955702
255,0.125598195829113,0.101363662166523,0.112644374392742,0.065183259797398,0.172045180886369
256,0.124796671416734,0.100716324764078,0.111807539040946,0.064769657382549,0.170785045939639
257,0.124001585428321,0.100074212710924,0.110978300757384,0.064359392966841,0.169536051749989
258,0.123212874686400,0.099437274315867,0.110156577997652,0.063952433396247,0.168298083301754
259,0.122430476741275,0.098805458490056,0.109342290215634,0.063548745906156,0.167071026912379
260,0.121654329861586,0.098178714739039,0.108535357850071,0.063148298116158,0.165854770215875
261,0.120884373025000,0.097556993154928,0.107735702311324,0.062751058024912,0.164649202146485
262,0.120120545909025,0.096940244408674,0.106943245968315,0.062356994005081,0.163454212922545
263,0.119362788881966,0.096328419742459,0.106157912135664,0.061966074798353,0.162269694030550
264,0.118611042993991,0.095721470962194,0.105379625061001,0.061578269510523,0.161095538209417
265,0.117865249968332,0.095119350430122,0.104608309912458,0.061193547606658,0.159931639434939
266,0.117125352192610,0.094522011057529,0.103843892766338,0.060811878906323,0.158777892904438
267,0.116391292710271,0.093929406297562,0.103086300594963,0.060433233578886,0.157634195021607
268,0.115663015212151,0.093341490138146,0.102335461254691,0.060057582138886,0.156500443381545
269,0.114940464028158,0.092758217095002,0.101591303474096,0.059684895441472,0.155376536755970
270,0.114223584119062,0.092179542204770,0.100853756842330,0.059315144677903,0.154262375078631
271,0.113512321068409,0.091605421018220,0.100122751797639,0.058948301371123,0.153157859430893
272,0.112806621074539,0.091035809593574,0.099398219616042,0.058584337371393,0.152062892027506
273,0.112106430942723,0.090470664489908,0.098680092400176,0.058223224851989,0.150977376202558
274,0.111411698077406,0.089909942760661,0.097968303068292,0.057864936304962,0.149901216395598
275,0.110722370474556,0.089353601947225,0.097262785343418,0.057509444536963,0.148834318137938
276,0.110038396714122,0.088801600072640,0.096563473742658,0.057156722665122,0.147776588039133
277,0.109359725952593,0.088253895635361,0.095870303566663,0.056806744112995,0.146727933773622
278,0.108686307915670,0.087710447603131,0.095183210889232,0.056459482606563,0.145688264067549
279,0.108018092891026,0.087171215406929,0.094502132547078,0.056114912170290,0.144657488685743
280,0.107355031721179,0.086636158935007,0.093827006129721,0.055773007123244,0.143635518418873
281,0.106697075796455,0.086105238527017,0.093157769969539,0.055433742075266,0.142622265070752
282,0.106044177048052,0.085578414968211,0.092494363131951,0.055097091923198,0.141617641445823
283,0.105396287941203,0.085055649483731,0.091836725405746,0.054763031847167,0.140621561336783
284,0.104753361468426,0.084536903732980,0.091184797293536,0.054431537306920,0.139633939512384
285,0.104115351142877,0.084022139804062,0.090538520002363,0.054102584038210,0.138654691705376
286,0.103482210991787,0.083511320208317,0.089897835434420,0.053776148049240,0.137683734600612
287,0.102853895549991,0.083004407874918,0.089262686177915,0.053452205617153,0.136720985823302
288,0.102230359853551,0.082501366145554,0.088633015498060,0.053130733284572,0.135766363927422
289,0.101611559433466,0.082002158769181,0.088008767328188,0.052811707856193,0.134819788384261
290,0.100997450309459,0.081506749896852,0.087389886260993,0.052495106395427,0.133881179571129
291,0.100387988983864,0.081015104076618,0.086776317539899,0.052180906221080,0.132950458760201
292,0.099783132435588,0.080527186248496,0.086168007050546,0.051869084904100,0.132027548107502
293,0.099182838114158,0.080042961739517,0.085564901312394,0.051559620264347,0.131112370642047
294,0.098587063933852,0.079562396258834,0.084966947470455,0.051252490367430,0.130204850255100
295,0.097995768267908,0.079085455892905,0.084374093287130,0.050947673521572,0.129304911689595
296,0.097408909942811,0.078612107100738,0.083786287134170,0.050645148274533,0.128412480529669
297,0.096826448232665,0.078142316709206,0.083203477984743,0.050344893410567,0.127527483190352
298,0.096248342853635,0.077676051908429,0.082625615405616,0.050046887947427,0.126649846907373
299,0.095674553958468,0.077213280247214,0.082052649549449,0.049751111133411,0.125779499727105
300,0.095105042131092,0.076753969628563,0.081484531147195,0.049457542444450,0.124916370496641
301,0.094539768381279,0.076298088305246,0.080921211500602,0.049166161581237,0.124060388853991
302,0.093978694139395,0.075845604875428,0.080362642474830,0.048876948466397,0.123211485218416
303,0.093421781251210,0.075396488278362,0.079808776491165,0.048589883241694,0.122369590780873
304,0.092868991972784,0.074950707790142,0.079259566519834,0.048304946265282,0.121534637494598
305,0.092320288965420,0.074508233019513,0.078714966072927,0.048022118108992,0.120706558065798
306,0.091775635290690,0.074069033903738,0.078174929197410,0.047741379555656,0.119885285944472
307,0.091234994405524,0.073633080704523,0.077639410468244,0.047462711596469,0.119070755315344
308,0.090698330157368,0.073200344004003,0.077108364981593,0.047186095428391,0.118262901088919
309,0.090165606779406,0.072770794700774,0.076581748348131,0.046911512451580,0.117461658892649
310,0.089636788885851,0.072344404005986,0.076059516686443,0.046638944266865,0.116666965062216
311,0.089111841467294,0.071921143439489,0.075541626616514,0.046368372673255,0.115878756632929
312,0.088590729886119,0.071500984826032,0.075028035253311,0.046099779665477,0.115096971331228
313,0.088073419871980,0.071083900291513,0.074518700200457,0.045833147431551,0.114321547566299
314,0.087559877517340,0.070669862259280,0.074013579543991,0.045568458350405,0.113552424421803
315,0.087050069273068,0.070258843446484,0.073512631846210,0.045305694989511,0.112789541647700
316,0.086543961944094,0.069850816860482,0.073015816139606,0.045044840102564,0.112032839652191
317,0.086041522685127,0.069445755795288,0.072523091920879,0.044785876627188,0.111282259493755
318,0.085542718996429,0.069043633828073,0.072034419145040,0.044528787682676,0.110537742873295
319,0.085047518719643,0.068644424815714,0.071549758219588,0.044273556567757,0.109799232126379
320,0.084555890033680,0.068248102891386,0.071069069998772,0.044020166758401,0.109066670215587
321,0.084067801450659,0.067854642461206,0.070592315777938,0.043768601905646,0.108340000722956
322,0.083583221811906,0.067464018200918,0.070119457287939,0.043518845833461,0.107619167842516
323,0.083102120283998,0.067076205052623,0.069650456689643,0.043270882536637,0.106904116372929
324,0.082624466354867,0.066691178221559,0.069185276568493,0.043024696178704,0.106194791710225
325,0.082150229829957,0.066308913172918,0.068723879929167,0.042780271089879,0.105491139840620
326,0.081679380828424,0.065929385628707,0.068266230190289,0.042537591765041,0.104793107333440
327,0.081211889779395,0.065552571564655,0.067812291179229,0.042296642861737,0.104100641334127
328,0.080747727418272,0.065178447207160,0.067362027126968,0.042057409198208,0.103413689557339
329,0.080286864783087,0.064806989030275,0.066915402663031,0.041819875751449,0.102732200280139
330,0.079829273210907,0.064438173752737,0.066472382810497,0.041584027655293,0.102056122335269
331,0.079374924334280,0.064071978335035,0.066032932981070,0.041349850198518,0.101385405104511
332,0.078923790077737,0.063708379976517,0.065597018970225,0.041117328822985,0.100719998512138
333,0.078475842654336,0.063347356112539,0.065164606952412,0.040886449121794,0.100059853018445
334,0.078031054562248,0.062988884411643,0.064735663476332,0.040657196837475,0.099404919613358
335,0.077589398581394,0.062632942772788,0.064310155460276,0.040429557860193,0.098755149810140
336,0.077150847770127,0.062279509322601,0.063888050187527,0.040203518225985,0.098110495639160
337,0.076715375461948,0.061928562412678,0.063469315301827,0.039979064115016,0.097470909641756
338,0.076282955262280,0.061580080616913,0.063053918802901,0.039756181849859,0.096836344864170
339,0.075853561045268,0.061234042728866,0.062641829042047,0.039534857893802,0.096206754851560
340,0.075427166950637,0.060890427759165,0.062233014717782,0.039315078849171,0.095582093642092
341,0.075003747380578,0.060549214932945,0.061827444871553,0.039096831455685,0.094962315761107
342,0.074583276996686,0.060210383687314,0.061425088883499,0.038880102588819,0.094347376215360
343,0.074165730716924,0.059873913668860,0.061025916468274,0.038664879258206,0.093737230487338
344,0.073751083712645,0.059539784731190,0.060629897670931,0.038451148606045,0.093131834529643
345,0.073339311405634,0.059207976932495,0.060237002862852,0.038238897905538,0.092531144759453
346,0.072930389465204,0.058878470533155,0.059847202737741,0.038028114559348,0.091935118053054
347,0.072524293805319,0.058551245993370,0.059460468307670,0.037818786098076,0.091343711740436
348,0.072121000581761,0.058226283970828,0.059076770899174,0.037610900178753,0.090756883599962
349,0.071720486189331,0.057903565318396,0.058696082149405,0.037404444583366,0.090174591853109
350,0.071322727259087,0.057583071081847,0.058318374002331,0.037199407217384,0.089596795159264
351,0.070927700655614,0.057264782497614,0.057943618704994,0.036995776108324,0.089023452610599
352,0.070535383474341,0.056948680990578,0.057571788803811,0.036793539404316,0.088454523727005
353,0.070145753038874,0.056634748171876,0.057202857140929,0.036592685372705,0.087889968451092
354,0.069758786898383,0.056322965836748,0.056836796850628,0.036393202398659,0.087329747143248
355,0.069374462825009,0.056013315962402,0.056473581355771,0.036195078983800,0.086773820576771
356,0.068992758811309,0.055705780705917,0.056113184364303,0.035998303744851,0.086222149933049
357,0.068613653067737,0.055400342402164,0.055755579865798,0.035802865412305,0.085674696796816
358,0.068237124020150,0.055096983561759,0.055400742128049,0.035608752829107,0.085131423151456
359,0.067863150307353,0.054795686869045,0.055048645693703,0.035415954949352,0.084592291374371
360,0.067491710778673,0.054496435180090,0.054699265376949,0.035224460837008,0.084057264232413
361,0.067122784491562,0.054199211520724,0.054352576260238,0.035034259664645,0.083526304877360
362,0.066756350709232,0.053903999084591,0.054008553691057,0.034845340712188,0.082999376841467
363,0.066392388898324,0.053610781231232,0.053667173278738,0.034657693365686,0.082476444033056
364,0.066030878726599,0.053319541484191,0.053328410891317,0.034471307116091,0.081957470732177
365,0.065671800060666,0.053030263529142,0.052992242652428,0.034286171558058,0.081442421586310
366,0.065315132963734,0.052742931212047,0.052658644938244,0.034102276388761,0.080931261606130
367,0.064960857693394,0.052457528537332,0.052327594374450,0.033919611406721,0.080423956161324
368,0.064608954699429,0.052174039666088,0.051999067833267,0.033738166510650,0.079920470976458
369,0.064259404621653,0.051892448914296,0.051673042430508,0.033557931698313,0.079420772126899
370,0.063912188287778,0.051612740751074,0.051349495522673,0.033378897065398,0.078924826034784
371,0.063567286711301,0.051334899796943,0.051028404704087,0.033201052804409,0.078432599465045
372,0.063224681089429,0.051058910822124,0.050709747804070,0.033024389203567,0.077944059521479
373,0.062884352801021,0.050784758744847,0.050393502884147,0.032848896645726,0.077459173642871
374,0.062546283404557,0.050512428629687,0.050079648235297,0.032674565607305,0.076977909599165
375,0.062210454636141,0.050241905685917,0.049768162375234,0.032501386657232,0.076500235487678
376,0.061876848407516,0.049973175265890,0.049459024045725,0.032329350455903,0.076026119729369
377,0.061545446804115,0.049706222863429,0.049152212209944,0.032158447754150,0.075555531065149
378,0.061216232083128,0.049441034112253,0.048847706049859,0.031988669392229,0.075088438552240
379,0.060889186671604,0.049177594784403,0.048545484963656,0.031820006298815,0.074624811560578
380,0.060564293164560,0.048915890788711,0.048245528563194,0.031652449490013,0.074164619769258
381,0.060241534323134,0.048655908169266,0.047947816671493,0.031485990068378,0.073707833163034
382,0.059920893072742,0.048397633103919,0.047652329320259,0.031320619221952,0.073254422028847
383,0.059602352501271,0.048141051902788,0.047359046747431,0.031156328223312,0.072804356952409
384,0.059285895857289,0.047886151006800,0.047067949394777,0.030993108428626,0.072357608814822
385,0.058971506548278,0.047632916986235,0.046779017905500,0.030830951276725,0.071914148789244
386,0.058659168138889,0.047381336539302,0.046492233121894,0.030669848288186,0.071473948337592
387,0.058348864349218,0.047131396490720,0.046207576083021,0.030509791064426,0.071036979207288
388,0.058040579053107,0.046883083790330,0.045925028022414,0.030350771286806,0.070603213428044
389,0.057734296276457,0.046636385511711,0.045644570365823,0.030192780715749,0.070172623308693
390,0.057430000195575,0.046391288850826,0.045366184728977,0.030035811189869,0.069745181434045
391,0.057127675135528,0.046147781124671,0.045089852915382,0.029879854625105,0.069320860661798
392,0.056827305568527,0.045905849769957,0.044815556914143,0.029724903013875,0.068899634119479
393,0.056528876112327,0.045665482341791,0.044543278897820,0.029570948424233,0.068481475201419
394,0.056232371528645,0.045426666512388,0.044273001220306,0.029417982999041,0.068066357565776
395,0.055937776721601,0.045189390069790,0.044004706414735,0.029265998955148,0.067654255131581
396,0.055645076736175,0.044953640916604,0.043738377191414,0.029114988582583,0.067245142075836
397,0.055354256756687,0.044719407068757,0.043473996435786,0.028964944243752,0.066838992830634
398,0.055065302105288,0.044486676654262,0.043211547206414,0.028815858372653,0.066435782080319
399,0.054778198240480,0.044255437912001,0.042951012732998,0.028667723474094,0.066035484758685
400,0.054492930755644,0.044025679190529,0.042692376414405,0.028520532122925,0.065638076046203
401,0.054209485377590,0.043797388946882,0.042435621816738,0.028374276963274,0.065243531367288
402,0.053927847965128,0.043570555745404,0.042180732671423,0.028228950707800,0.064851826387591
403,0.053648004507651,0.043345168256596,0.041927692873315,0.028084546136947,0.064462937011333
404,0.053369941123737,0.043121215255966,0.041676486478841,0.027941056098215,0.064076839378668
405,0.053093644059768,0.042898685622900,0.041427097704154,0.027798473505435,0.063693509863073
406,0.052819099688568,0.042677568339551,0.041179510923317,0.027656791338053,0.063312925068781
407,0.052546294508053,0.042457852489730,0.040933710666509,0.027516002640423,0.062935061828235
408,0.052275215139899,0.042239527257821,0.040689681618254,0.027376100521114,0.062559897199576
409,0.052005848328230,0.042022581927705,0.040447408615669,0.027237078152215,0.062187408464165
410,0.051738180938315,0.041807005881695,0.040206876646740,0.027098928768659,0.061817573124131
411,0.051472199955285,0.041592788599488,0.039968070848613,0.026961645667547,0.061450368899950
412,0.051207892482865,0.041379919657130,0.039730976505912,0.026825222207487,0.061085773728051
413,0.050945245742121,0.041168388725985,0.039495579049078,0.026689651807934,0.060723765758460
414,0.050684247070219,0.040958185571729,0.039261864052722,0.026554927948546,0.060364323352456
415,0.050424883919205,0.040749300053346,0.039029817234006,0.026421044168540,0.060007425080274
416,0.050167143854792,0.040541722122141,0.038799424451044,0.026287994066061,0.059653049718821
417,0.049911014555168,0.040335441820765,0.038570671701317,0.026155771297556,0.059301176249427
418,0.049656483809818,0.040130449282249,0.038343545120113,0.026024369577157,0.058951783855623
419,0.049403539518349,0.039926734729050,0.038118030978988,0.025893782676073,0.058604851920942
420,0.049152169689347,0.039724288472111,0.037894115684237,0.025764004421981,0.058260360026745
421,0.048902362439233,0.039523100909932,0.037671785775398,0.025635028698438,0.057918287950086
422,0.048654105991139,0.039323162527645,0.037451027923759,0.025506849444286,0.057578615661583
423,0.048407388673794,0.039124463896114,0.037231828930899,0.025379460653076,0.057241323323332
424,0.048162198920428,0.038926995671029,0.037014175727232,0.025252856372487,0.056906391286832
425,0.047918525267684,0.038730748592026,0.036798055370584,0.025127030703767,0.056573800090947
426,0.047676356354546,0.038535713481806,0.036583455044774,0.025001977801164,0.056243530459883
427,0.047435680921275,0.038341881245270,0.036370362058223,0.024877691871376,0.055915563301197
428,0.047196487808367,0.038149242868666,0.036158763842573,0.024754167173001,0.055589879703819
429,0.046958765955510,0.037957789418739,0.035948647951328,0.024631398016001,0.055266460936108
430,0.046722504400567,0.037767512041898,0.035740002058509,0.024509378761159,0.054945288443930
431,0.046487692278558,0.037578401963391,0.035532813957326,0.024388103819557,0.054626343848750
432,0.046254318820665,0.037390450486486,0.035327071558864,0.024267567652053,0.054309608945755
433,0.046022373353241,0.037203648991667,0.035122762890795,0.024147764768762,0.053995065702000
434,0.045791845296833,0.037017988935833,0.034919876096089,0.024028689728548,0.053682696254567
435,0.045562724165219,0.036833461851518,0.034718399431757,0.023910337138521,0.053372482908756
436,0.045334999564452,0.036650059346103,0.034518321267602,0.023792701653537,0.053064408136292
437,0.045108661191916,0.036467773101054,0.034319630084981,0.023675777975706,0.052758454573554
438,0.044883698835397,0.036286594871157,0.034122314475593,0.023559560853907,0.052454605019824
439,0.044660102372158,0.036106516483769,0.033926363140272,0.023444045083306,0.052152842435558
440,0.044437861768031,0.035927529838075,0.033731764887798,0.023329225504881,0.051853149940680
441,0.044216967076514,0.035749626904352,0.033538508633727,0.023215097004954,0.051555510812888
442,0.043997408437884,0.035572799723244,0.033346583399227,0.023101654514725,0.051259908485989
443,0.043779176078317,0.035397040405046,0.033155978309933,0.022988893009811,0.050966326548246
444,0.043562260309016,0.035222341128993,0.032966682594817,0.022876807509800,0.050674748740754
445,0.043346651525354,0.035048694142562,0.032778685585067,0.022765393077794,0.050385158955820
446,0.043132340206024,0.034876091760778,0.032591976712984,0.022654644819974,0.050097541235379
447,0.042919316912197,0.034704526365526,0.032406545510890,0.022544557885156,0.049811879769415
448,0.042707572286696,0.034533990404880,0.032222381610052,0.022435127464362,0.049528158894409
449,0.042497097053172,0.034364476392431,0.032039474739612,0.022326348790390,0.049246363091800
450,0.042287882015291,0.034195976906624,0.031857814725539,0.022218217137392,0.048966476986467
451,0.042079918055936,0.034028484590109,0.031677391489586,0.022110727820458,0.048688485345226
452,0.041873196136411,0.033861992149088,0.031498195048265,0.022003876195198,0.048412373075346
453,0.041667707295659,0.033696492352684,0.031320215511832,0.021897657657340,0.048138125223086
454,0.041463442649484,0.033531978032303,0.031143443083282,0.021792067642320,0.047865726972238
455,0.041260393389789,0.033368442081012,0.030967868057359,0.021687101624887,0.047595163642701
456,0.041058550783813,0.033205877452923,0.030793480819578,0.021582755118706,0.047326420689060
457,0.040857906173387,0.033044277162581,0.030620271845257,0.021479023675971,0.047059483699189
458,0.040658450974188,0.032883634284362,0.030448231698561,0.021375902887016,0.046794338392862
459,0.040460176675013,0.032723941951873,0.030277351031558,0.021273388379936,0.046530970620393
460,0.040263074837049,0.032565193357370,0.030107620583284,0.021171475820208,0.046269366361277
461,0.040067137093163,0.032407381751165,0.029939031178823,0.021070160910322,0.046009511722855
462,0.039872355147187,0.032250500441059,0.029771573728396,0.020969439389408,0.045751392938995
463,0.039678720773225,0.032094542791766,0.029605239226457,0.020869307032875,0.045494996368783
464,0.039486225814956,0.031939502224350,0.029440018750808,0.020769759652052,0.045240308495236
465,0.039294862184953,0.031785372215673,0.029275903461716,0.020670793093828,0.044987315924020
466,0.039104621864006,0.031632146297836,0.029112884601047,0.020572403240303,0.044736005382194
467,0.038915496900448,0.031479818057642,0.028950953491403,0.020474586008437,0.044486363716957
468,0.038727479409502,0.031328381136052,0.028790101535280,0.020377337349711,0.044238377894420
469,0.038540561572618,0.031177829227657,0.028630320214222,0.020280653249782,0.043992034998387
470,0.038354735636833,0.031028156080146,0.028471601087998,0.020184529728149,0.043747322229146
471,0.038169993914125,0.030879355493792,0.028313935793781,0.020088962837818,0.043504226902280
472,0.037986328780788,0.030731421320929,0.028157316045338,0.019993948664977,0.043262736447489
473,0.037803732676796,0.030584347465451,0.028001733632230,0.019899483328667,0.043022838407429
474,0.037622198105195,0.030438127882303,0.027847180419022,0.019805562980462,0.042784520436554
475,0.037441717631484,0.030292756576986,0.027693648344502,0.019712183804151,0.042547770299984
476,0.037262283883010,0.030148227605062,0.027541129420909,0.019619342015422,0.042312575872376
477,0.037083889548374,0.030004535071670,0.027389615733167,0.019527033861554,0.042078925136814
478,0.036906527376835,0.029861673131043,0.027239099438134,0.019435255621108,0.041846806183709
479,0.036730190177726,0.029719635986033,0.027089572763855,0.019344003603619,0.041616207209711
480,0.036554870819875,0.029578417887636,0.026941028008825,0.019253274149303,0.041387116516631
481,0.036380562231033,0.029438013134532,0.026793457541260,0.019163063628753,0.041159522510383
482,0.036207257397305,0.029298416072621,0.026646853798377,0.019073368442648,0.040933413699931
483,0.036034949362594,0.029159621094568,0.026501209285684,0.018984185021460,0.040708778696247
484,0.035863631228043,0.029021622639353,0.026356516576277,0.018895509825169,0.040485606211289
485,0.035693296151489,0.028884415191826,0.026212768310139,0.018807339342976,0.040263885056977
486,0.035523937346920,0.028747993282262,0.026069957193460,0.018719670093024,0.040043604144198
487,0.035355548083941,0.028612351485933,0.025928075997953,0.018632498622117,0.039824752481804
488,0.035188121687240,0.028477484422670,0.025787117560184,0.018545821505445,0.039607319175634
489,0.035021651536066,0.028343386756438,0.025647074780909,0.018459635346315,0.039391293427544
490,0.034856131063712,0.028210053194917,0.025507940624415,0.018373936775879,0.039176664534442
491,0.034691553756997,0.028077478489082,0.025369708117873,0.018288722452865,0.038963421887340
492,0.034527913155759,0.027945657432793,0.025232370350697,0.018203989063322,0.038751554970419
493,0.034365202852359,0.027814584862384,0.025095920473909,0.018119733320349,0.038541053360094
494,0.034203416491175,0.027684255656260,0.024960351699512,0.018035951963845,0.038331906724097
495,0.034042547768118,0.027554664734499,0.024825657299874,0.017952641760251,0.038124104820574
496,0.033882590430143,0.027425807058456,0.024691830607108,0.017869799502298,0.037917637497179
497,0.033723538274765,0.027297677630372,0.024558865012475,0.017787422008758,0.037712494690191
498,0.033565385149590,0.027170271492989,0.024426753965777,0.017705506124196,0.037508666423635
499,0.033408124951837,0.027043583729165,0.024295490974773,0.017624048718728,0.037306142808412
500,0.033251751627880,0.026917609461498,0.024165069604588,0.017543046687778,0.037104914041440
